ریاضی,10,MTH
ریاضی,11,MTH
ریاضی,12,MTH
فیزیک,10,MTH
فیزیک,11,MTH
فیزیک,12,MTH
شیمی,10,MTH
شیمی,11,MTH
شیمی,12,MTH
زیست,10,BIO
زیست,11,BIO
زیست,12,BIO
ریاضی,10,BIO
ریاضی,11,BIO
ریاضی,12,BIO
فیزیک,10,BIO
فیزیک,11,BIO
فیزیک,12,BIO
شیمی,10,BIO
شیمی,11,BIO
شیمی,12,BIO
ریاضی و آمار,10,ECO
ریاضی و آمار,11,ECO
ریاضی و آمار,12,ECO
اقتصاد,10,ECO
علوم و فنون,10,ECO
علوم و فنون,11,ECO
علوم و فنون,12,ECO
غربی تخصصی,10,ECO
غربی تخصصی,11,ECO
غربی تخصصی,12,ECO
تاریخ,10,ECO
تاریخ,11,ECO
تاریخ,12,ECO
جغرافیا,10,ECO
جغرافیا,11,ECO
جغرافیا,12,ECO
جامعه شناسی,10,ECO
جامعه شناسی,11,ECO
جامعه شناسی,12,ECO
فلسفه,10,ECO
فلسفه,11,ECO
منطق,10,ECO
روان شناسی,11,ECO
فارسی,ALL,GEN
زبان انگلیسی,ALL,GEN
زبان عربی,ALL,GEN
دین و زندگی,ALL,GEN
